Sentiment,Avg Likes,Avg Retweets
Negative,88.97368421052632,23.31578947368421
Neutral,79.92592592592592,25.074074074074073
Positive,78.2,25.02857142857143
