AgeGroup,Avg Likes,Avg Retweets
Teen,95.56666666666666,24.7
Adult,78.64,25.76
Senior,72.82352941176471,23.941176470588236
